{
    "filters": {
        "season": "2023"
    },
    "area": {
        "id": 2088,
        "name": "Germany",
        "code": "DEU",
        "flag": "https://crests.football-data.org/759.svg"
    },
    "competition": {
        "id": 2002,
        "name": "Bundesliga",
        "code": "BL1",
        "type": "LEAGUE",
        "emblem": "https://crests.football-data.org/BL1.png"
    },
    "season": {
        "id": 1592,
        "startDate": "2023-08-18",
        "endDate": "2024-05-18",
        "currentMatchday": 21,
        "winner": null
    },
    "standings": [
        {
            "stage": "REGULAR_SEASON",
            "type": "TOTAL",
            "group": null,
            "table": [
                {
                    "position": 1,
                    "team": {
                        "id": 3,
                        "name": "Bayer 04 Leverkusen",
                        "shortName": "Leverkusen",
                        "tla": "B04",
                        "crest": "https://crests.football-data.org/3.png"
                    },
                    "playedGames": 20,
                    "form": null,
                    "won": 16,
                    "draw": 4,
                    "lost": 0,
                    "points": 52,
                    "goalsFor": 52,
                    "goalsAgainst": 14,
                    "goalDifference": 38
                },
                {
                    "position": 2,
                    "team": {
                        "id": 5,
                        "name": "FC Bayern München",
                        "shortName": "Bayern",
                        "tla": "FCB",
                        "crest": "https://crests.football-data.org/5.svg"
                    },
                    "playedGames": 20,
                    "form": null,
                    "won": 16,
                    "draw": 2,
                    "lost": 2,
                    "points": 50,
                    "goalsFor": 59,
                    "goalsAgainst": 19,
                    "goalDifference": 40
                },
                {
                    "position": 3,
                    "team": {
                        "id": 10,
                        "name": "VfB Stuttgart",
                        "shortName": "Stuttgart",
                        "tla": "VFB",
                        "crest": "https://crests.football-data.org/10.png"
                    },
                    "playedGames": 20,
                    "form": null,
                    "won": 13,
                    "draw": 1,
                    "lost": 6,
                    "points": 40,
                    "goalsFor": 46,
                    "goalsAgainst": 26,
                    "goalDifference": 20
                },
                {
                    "position": 4,
                    "team": {
                        "id": 4,
                        "name": "Borussia Dortmund",
                        "shortName": "Dortmund",
                        "tla": "BVB",
                        "crest": "https://crests.football-data.org/4.png"
                    },
                    "playedGames": 20,
                    "form": null,
                    "won": 10,
                    "draw": 7,
                    "lost": 3,
                    "points": 37,
                    "goalsFor": 40,
                    "goalsAgainst": 26,
                    "goalDifference": 14
                },
                {
                    "position": 5,
                    "team": {
                        "id": 721,
                        "name": "RB Leipzig",
                        "shortName": "RB Leipzig",
                        "tla": "RBL",
                        "crest": "https://crests.football-data.org/721.png"
                    },
                    "playedGames": 20,
                    "form": null,
                    "won": 11,
                    "draw": 3,
                    "lost": 6,
                    "points": 36,
                    "goalsFor": 44,
                    "goalsAgainst": 26,
                    "goalDifference": 18
                },
                {
                    "position": 6,
                    "team": {
                        "id": 19,
                        "name": "Eintracht Frankfurt",
                        "shortName": "Frankfurt",
                        "tla": "SGE",
                        "crest": "https://crests.football-data.org/19.svg"
                    },
                    "playedGames": 20,
                    "form": null,
                    "won": 8,
                    "draw": 7,
                    "lost": 5,
                    "points": 31,
                    "goalsFor": 30,
                    "goalsAgainst": 24,
                    "goalDifference": 6
                },
                {
                    "position": 7,
                    "team": {
                        "id": 17,
                        "name": "SC Freiburg",
                        "shortName": "Freiburg",
                        "tla": "SCF",
                        "crest": "https://crests.football-data.org/17.svg"
                    },
                    "playedGames": 20,
                    "form": null,
                    "won": 8,
                    "draw": 4,
                    "lost": 8,
                    "points": 28,
                    "goalsFor": 26,
                    "goalsAgainst": 34,
                    "goalDifference": -8
                },
                {
                    "position": 8,
                    "team": {
                        "id": 2,
                        "name": "TSG 1899 Hoffenheim",
                        "shortName": "Hoffenheim",
                        "tla": "TSG",
                        "crest": "https://crests.football-data.org/2.png"
                    },
                    "playedGames": 20,
                    "form": null,
                    "won": 7,
                    "draw": 5,
                    "lost": 8,
                    "points": 26,
                    "goalsFor": 37,
                    "goalsAgainst": 39,
                    "goalDifference": -2
                },
                {
                    "position": 9,
                    "team": {
                        "id": 12,
                        "name": "SV Werder Bremen",
                        "shortName": "Bremen",
                        "tla": "SVW",
                        "crest": "https://crests.football-data.org/12.svg"
                    },
                    "playedGames": 20,
                    "form": null,
                    "won": 7,
                    "draw": 5,
                    "lost": 8,
                    "points": 26,
                    "goalsFor": 29,
                    "goalsAgainst": 32,
                    "goalDifference": -3
                },
                {
                    "position": 10,
                    "team": {
                        "id": 44,
                        "name": "1. FC Heidenheim 1846",
                        "shortName": "Heidenheim",
                        "tla": "HEI",
                        "crest": "https://crests.football-data.org/44.svg"
                    },
                    "playedGames": 20,
                    "form": null,
                    "won": 6,
                    "draw": 6,
                    "lost": 8,
                    "points": 24,
                    "goalsFor": 28,
                    "goalsAgainst": 35,
                    "goalDifference": -7
                },
                {
                    "position": 11,
                    "team": {
                        "id": 11,
                        "name": "VfL Wolfsburg",
                        "shortName": "Wolfsburg",
                        "tla": "WOB",
                        "crest": "https://crests.football-data.org/11.svg"
                    },
                    "playedGames": 20,
                    "form": null,
                    "won": 6,
                    "draw": 5,
                    "lost": 9,
                    "points": 23,
                    "goalsFor": 25,
                    "goalsAgainst": 32,
                    "goalDifference": -7
                },
                {
                    "position": 12,
                    "team": {
                        "id": 16,
                        "name": "FC Augsburg",
                        "shortName": "Augsburg",
                        "tla": "FCA",
                        "crest": "https://crests.football-data.org/16.png"
                    },
                    "playedGames": 20,
                    "form": null,
                    "won": 5,
                    "draw": 7,
                    "lost": 8,
                    "points": 22,
                    "goalsFor": 29,
                    "goalsAgainst": 37,
                    "goalDifference": -8
                },
                {
                    "position": 13,
                    "team": {
                        "id": 18,
                        "name": "Borussia Mönchengladbach",
                        "shortName": "M'gladbach",
                        "tla": "BMG",
                        "crest": "https://crests.football-data.org/18.png"
                    },
                    "playedGames": 20,
                    "form": null,
                    "won": 5,
                    "draw": 6,
                    "lost": 9,
                    "points": 21,
                    "goalsFor": 36,
                    "goalsAgainst": 41,
                    "goalDifference": -5
                },
                {
                    "position": 14,
                    "team": {
                        "id": 36,
                        "name": "VfL Bochum 1848",
                        "shortName": "Bochum",
                        "tla": "BOC",
                        "crest": "https://crests.football-data.org/36.png"
                    },
                    "playedGames": 20,
                    "form": null,
                    "won": 4,
                    "draw": 9,
                    "lost": 7,
                    "points": 21,
                    "goalsFor": 22,
                    "goalsAgainst": 38,
                    "goalDifference": -16
                },
                {
                    "position": 15,
                    "team": {
                        "id": 28,
                        "name": "1. FC Union Berlin",
                        "shortName": "Union Berlin",
                        "tla": "UNB",
                        "crest": "https://crests.football-data.org/28.svg"
                    },
                    "playedGames": 20,
                    "form": null,
                    "won": 5,
                    "draw": 3,
                    "lost": 12,
                    "points": 18,
                    "goalsFor": 19,
                    "goalsAgainst": 35,
                    "goalDifference": -16
                },
                {
                    "position": 16,
                    "team": {
                        "id": 1,
                        "name": "1. FC Köln",
                        "shortName": "1. FC Köln",
                        "tla": "KOE",
                        "crest": "https://crests.football-data.org/1.png"
                    },
                    "playedGames": 20,
                    "form": null,
                    "won": 3,
                    "draw": 6,
                    "lost": 11,
                    "points": 15,
                    "goalsFor": 14,
                    "goalsAgainst": 34,
                    "goalDifference": -20
                },
                {
                    "position": 17,
                    "team": {
                        "id": 15,
                        "name": "1. FSV Mainz 05",
                        "shortName": "Mainz",
                        "tla": "M05",
                        "crest": "https://crests.football-data.org/15.png"
                    },
                    "playedGames": 20,
                    "form": null,
                    "won": 1,
                    "draw": 9,
                    "lost": 10,
                    "points": 12,
                    "goalsFor": 15,
                    "goalsAgainst": 32,
                    "goalDifference": -17
                },
                {
                    "position": 18,
                    "team": {
                        "id": 55,
                        "name": "SV Darmstadt 98",
                        "shortName": "Darmstadt",
                        "tla": "SVD",
                        "crest": "https://crests.football-data.org/55.png"
                    },
                    "playedGames": 20,
                    "form": null,
                    "won": 2,
                    "draw": 5,
                    "lost": 13,
                    "points": 11,
                    "goalsFor": 22,
                    "goalsAgainst": 49,
                    "goalDifference": -27
                }
            ]
        }
    ]
}