{
    "filters": {
        "season": "2023"
    },
    "area": {
        "id": 2077,
        "name": "Europe",
        "code": "EUR",
        "flag": "https://crests.football-data.org/EUR.svg"
    },
    "competition": {
        "id": 2001,
        "name": "UEFA Champions League",
        "code": "CL",
        "type": "CUP",
        "emblem": "https://crests.football-data.org/CL.png"
    },
    "season": {
        "id": 1630,
        "startDate": "2023-09-19",
        "endDate": "2024-06-01",
        "currentMatchday": 6,
        "winner": null
    },
    "standings": [
        {
            "stage": "GROUP_STAGE",
            "type": "TOTAL",
            "group": "Group A",
            "table": [
                {
                    "position": 1,
                    "team": {
                        "id": 5,
                        "name": "FC Bayern München",
                        "shortName": "Bayern",
                        "tla": "FCB",
                        "crest": "https://crests.football-data.org/5.svg"
                    },
                    "playedGames": 6,
                    "form": null,
                    "won": 5,
                    "draw": 1,
                    "lost": 0,
                    "points": 16,
                    "goalsFor": 12,
                    "goalsAgainst": 6,
                    "goalDifference": 6
                },
                {
                    "position": 2,
                    "team": {
                        "id": 1876,
                        "name": "FC København",
                        "shortName": "København",
                        "tla": "KOB",
                        "crest": "https://crests.football-data.org/1876.png"
                    },
                    "playedGames": 6,
                    "form": null,
                    "won": 2,
                    "draw": 2,
                    "lost": 2,
                    "points": 8,
                    "goalsFor": 8,
                    "goalsAgainst": 8,
                    "goalDifference": 0
                },
                {
                    "position": 3,
                    "team": {
                        "id": 610,
                        "name": "Galatasaray SK",
                        "shortName": "Galatasaray",
                        "tla": "GAL",
                        "crest": "https://crests.football-data.org/610.png"
                    },
                    "playedGames": 6,
                    "form": null,
                    "won": 1,
                    "draw": 2,
                    "lost": 3,
                    "points": 5,
                    "goalsFor": 10,
                    "goalsAgainst": 13,
                    "goalDifference": -3
                },
                {
                    "position": 4,
                    "team": {
                        "id": 66,
                        "name": "Manchester United FC",
                        "shortName": "Man United",
                        "tla": "MUN",
                        "crest": "https://crests.football-data.org/66.png"
                    },
                    "playedGames": 6,
                    "form": null,
                    "won": 1,
                    "draw": 1,
                    "lost": 4,
                    "points": 4,
                    "goalsFor": 12,
                    "goalsAgainst": 15,
                    "goalDifference": -3
                }
            ]
        },
        {
            "stage": "GROUP_STAGE",
            "type": "TOTAL",
            "group": "Group B",
            "table": [
                {
                    "position": 1,
                    "team": {
                        "id": 57,
                        "name": "Arsenal FC",
                        "shortName": "Arsenal",
                        "tla": "ARS",
                        "crest": "https://crests.football-data.org/57.png"
                    },
                    "playedGames": 6,
                    "form": null,
                    "won": 4,
                    "draw": 1,
                    "lost": 1,
                    "points": 13,
                    "goalsFor": 16,
                    "goalsAgainst": 4,
                    "goalDifference": 12
                },
                {
                    "position": 2,
                    "team": {
                        "id": 674,
                        "name": "PSV",
                        "shortName": "PSV",
                        "tla": "PSV",
                        "crest": "https://crests.football-data.org/674.png"
                    },
                    "playedGames": 6,
                    "form": null,
                    "won": 2,
                    "draw": 3,
                    "lost": 1,
                    "points": 9,
                    "goalsFor": 8,
                    "goalsAgainst": 10,
                    "goalDifference": -2
                },
                {
                    "position": 3,
                    "team": {
                        "id": 546,
                        "name": "Racing Club de Lens",
                        "shortName": "RC Lens",
                        "tla": "RCL",
                        "crest": "https://crests.football-data.org/546.png"
                    },
                    "playedGames": 6,
                    "form": null,
                    "won": 2,
                    "draw": 2,
                    "lost": 2,
                    "points": 8,
                    "goalsFor": 6,
                    "goalsAgainst": 11,
                    "goalDifference": -5
                },
                {
                    "position": 4,
                    "team": {
                        "id": 559,
                        "name": "Sevilla FC",
                        "shortName": "Sevilla FC",
                        "tla": "SEV",
                        "crest": "https://crests.football-data.org/559.svg"
                    },
                    "playedGames": 6,
                    "form": null,
                    "won": 0,
                    "draw": 2,
                    "lost": 4,
                    "points": 2,
                    "goalsFor": 7,
                    "goalsAgainst": 12,
                    "goalDifference": -5
                }
            ]
        },
        {
            "stage": "GROUP_STAGE",
            "type": "TOTAL",
            "group": "Group C",
            "table": [
                {
                    "position": 1,
                    "team": {
                        "id": 86,
                        "name": "Real Madrid CF",
                        "shortName": "Real Madrid",
                        "tla": "RMA",
                        "crest": "https://crests.football-data.org/86.png"
                    },
                    "playedGames": 6,
                    "form": null,
                    "won": 6,
                    "draw": 0,
                    "lost": 0,
                    "points": 18,
                    "goalsFor": 16,
                    "goalsAgainst": 7,
                    "goalDifference": 9
                },
                {
                    "position": 2,
                    "team": {
                        "id": 113,
                        "name": "SSC Napoli",
                        "shortName": "Napoli",
                        "tla": "NAP",
                        "crest": "https://crests.football-data.org/113.svg"
                    },
                    "playedGames": 6,
                    "form": null,
                    "won": 3,
                    "draw": 1,
                    "lost": 2,
                    "points": 10,
                    "goalsFor": 10,
                    "goalsAgainst": 9,
                    "goalDifference": 1
                },
                {
                    "position": 3,
                    "team": {
                        "id": 5613,
                        "name": "Sporting Clube de Braga",
                        "shortName": "Braga",
                        "tla": "SCB",
                        "crest": "https://crests.football-data.org/5613.png"
                    },
                    "playedGames": 6,
                    "form": null,
                    "won": 1,
                    "draw": 1,
                    "lost": 4,
                    "points": 4,
                    "goalsFor": 6,
                    "goalsAgainst": 12,
                    "goalDifference": -6
                },
                {
                    "position": 4,
                    "team": {
                        "id": 28,
                        "name": "1. FC Union Berlin",
                        "shortName": "Union Berlin",
                        "tla": "UNB",
                        "crest": "https://crests.football-data.org/28.svg"
                    },
                    "playedGames": 6,
                    "form": null,
                    "won": 0,
                    "draw": 2,
                    "lost": 4,
                    "points": 2,
                    "goalsFor": 6,
                    "goalsAgainst": 10,
                    "goalDifference": -4
                }
            ]
        },
        {
            "stage": "GROUP_STAGE",
            "type": "TOTAL",
            "group": "Group D",
            "table": [
                {
                    "position": 1,
                    "team": {
                        "id": 92,
                        "name": "Real Sociedad de Fútbol",
                        "shortName": "Real Sociedad",
                        "tla": "RSO",
                        "crest": "https://crests.football-data.org/92.svg"
                    },
                    "playedGames": 6,
                    "form": null,
                    "won": 3,
                    "draw": 3,
                    "lost": 0,
                    "points": 12,
                    "goalsFor": 7,
                    "goalsAgainst": 2,
                    "goalDifference": 5
                },
                {
                    "position": 2,
                    "team": {
                        "id": 108,
                        "name": "FC Internazionale Milano",
                        "shortName": "Inter",
                        "tla": "INT",
                        "crest": "https://crests.football-data.org/108.png"
                    },
                    "playedGames": 6,
                    "form": null,
                    "won": 3,
                    "draw": 3,
                    "lost": 0,
                    "points": 12,
                    "goalsFor": 8,
                    "goalsAgainst": 5,
                    "goalDifference": 3
                },
                {
                    "position": 3,
                    "team": {
                        "id": 1903,
                        "name": "Sport Lisboa e Benfica",
                        "shortName": "SL Benfica",
                        "tla": "BEN",
                        "crest": "https://crests.football-data.org/1903.png"
                    },
                    "playedGames": 6,
                    "form": null,
                    "won": 1,
                    "draw": 1,
                    "lost": 4,
                    "points": 4,
                    "goalsFor": 7,
                    "goalsAgainst": 11,
                    "goalDifference": -4
                },
                {
                    "position": 4,
                    "team": {
                        "id": 1877,
                        "name": "FC Red Bull Salzburg",
                        "shortName": "RB Salzburg",
                        "tla": "RBS",
                        "crest": "https://crests.football-data.org/1877.png"
                    },
                    "playedGames": 6,
                    "form": null,
                    "won": 1,
                    "draw": 1,
                    "lost": 4,
                    "points": 4,
                    "goalsFor": 4,
                    "goalsAgainst": 8,
                    "goalDifference": -4
                }
            ]
        },
        {
            "stage": "GROUP_STAGE",
            "type": "TOTAL",
            "group": "Group E",
            "table": [
                {
                    "position": 1,
                    "team": {
                        "id": 78,
                        "name": "Club Atlético de Madrid",
                        "shortName": "Atleti",
                        "tla": "ATL",
                        "crest": "https://crests.football-data.org/78.svg"
                    },
                    "playedGames": 6,
                    "form": null,
                    "won": 4,
                    "draw": 2,
                    "lost": 0,
                    "points": 14,
                    "goalsFor": 17,
                    "goalsAgainst": 6,
                    "goalDifference": 11
                },
                {
                    "position": 2,
                    "team": {
                        "id": 110,
                        "name": "SS Lazio",
                        "shortName": "Lazio",
                        "tla": "LAZ",
                        "crest": "https://crests.football-data.org/110.svg"
                    },
                    "playedGames": 6,
                    "form": null,
                    "won": 3,
                    "draw": 1,
                    "lost": 2,
                    "points": 10,
                    "goalsFor": 7,
                    "goalsAgainst": 7,
                    "goalDifference": 0
                },
                {
                    "position": 3,
                    "team": {
                        "id": 675,
                        "name": "Feyenoord Rotterdam",
                        "shortName": "Feyenoord",
                        "tla": "FEY",
                        "crest": "https://crests.football-data.org/675.png"
                    },
                    "playedGames": 6,
                    "form": null,
                    "won": 2,
                    "draw": 0,
                    "lost": 4,
                    "points": 6,
                    "goalsFor": 9,
                    "goalsAgainst": 10,
                    "goalDifference": -1
                },
                {
                    "position": 4,
                    "team": {
                        "id": 732,
                        "name": "Celtic FC",
                        "shortName": "Celtic",
                        "tla": "CEL",
                        "crest": "https://crests.football-data.org/732.png"
                    },
                    "playedGames": 6,
                    "form": null,
                    "won": 1,
                    "draw": 1,
                    "lost": 4,
                    "points": 4,
                    "goalsFor": 5,
                    "goalsAgainst": 15,
                    "goalDifference": -10
                }
            ]
        },
        {
            "stage": "GROUP_STAGE",
            "type": "TOTAL",
            "group": "Group F",
            "table": [
                {
                    "position": 1,
                    "team": {
                        "id": 4,
                        "name": "Borussia Dortmund",
                        "shortName": "Dortmund",
                        "tla": "BVB",
                        "crest": "https://crests.football-data.org/4.png"
                    },
                    "playedGames": 6,
                    "form": null,
                    "won": 3,
                    "draw": 2,
                    "lost": 1,
                    "points": 11,
                    "goalsFor": 7,
                    "goalsAgainst": 4,
                    "goalDifference": 3
                },
                {
                    "position": 2,
                    "team": {
                        "id": 524,
                        "name": "Paris Saint-Germain FC",
                        "shortName": "PSG",
                        "tla": "PSG",
                        "crest": "https://crests.football-data.org/524.png"
                    },
                    "playedGames": 6,
                    "form": null,
                    "won": 2,
                    "draw": 2,
                    "lost": 2,
                    "points": 8,
                    "goalsFor": 9,
                    "goalsAgainst": 8,
                    "goalDifference": 1
                },
                {
                    "position": 3,
                    "team": {
                        "id": 98,
                        "name": "AC Milan",
                        "shortName": "Milan",
                        "tla": "MIL",
                        "crest": "https://crests.football-data.org/98.svg"
                    },
                    "playedGames": 6,
                    "form": null,
                    "won": 2,
                    "draw": 2,
                    "lost": 2,
                    "points": 8,
                    "goalsFor": 5,
                    "goalsAgainst": 8,
                    "goalDifference": -3
                },
                {
                    "position": 4,
                    "team": {
                        "id": 67,
                        "name": "Newcastle United FC",
                        "shortName": "Newcastle",
                        "tla": "NEW",
                        "crest": "https://crests.football-data.org/67.png"
                    },
                    "playedGames": 6,
                    "form": null,
                    "won": 1,
                    "draw": 2,
                    "lost": 3,
                    "points": 5,
                    "goalsFor": 6,
                    "goalsAgainst": 7,
                    "goalDifference": -1
                }
            ]
        },
        {
            "stage": "GROUP_STAGE",
            "type": "TOTAL",
            "group": "Group G",
            "table": [
                {
                    "position": 1,
                    "team": {
                        "id": 65,
                        "name": "Manchester City FC",
                        "shortName": "Man City",
                        "tla": "MCI",
                        "crest": "https://crests.football-data.org/65.png"
                    },
                    "playedGames": 6,
                    "form": null,
                    "won": 6,
                    "draw": 0,
                    "lost": 0,
                    "points": 18,
                    "goalsFor": 18,
                    "goalsAgainst": 7,
                    "goalDifference": 11
                },
                {
                    "position": 2,
                    "team": {
                        "id": 721,
                        "name": "RB Leipzig",
                        "shortName": "RB Leipzig",
                        "tla": "RBL",
                        "crest": "https://crests.football-data.org/721.png"
                    },
                    "playedGames": 6,
                    "form": null,
                    "won": 4,
                    "draw": 0,
                    "lost": 2,
                    "points": 12,
                    "goalsFor": 13,
                    "goalsAgainst": 10,
                    "goalDifference": 3
                },
                {
                    "position": 3,
                    "team": {
                        "id": 1871,
                        "name": "BSC Young Boys",
                        "shortName": "Young Boys",
                        "tla": "YOB",
                        "crest": "https://crests.football-data.org/1871.png"
                    },
                    "playedGames": 6,
                    "form": null,
                    "won": 1,
                    "draw": 1,
                    "lost": 4,
                    "points": 4,
                    "goalsFor": 7,
                    "goalsAgainst": 13,
                    "goalDifference": -6
                },
                {
                    "position": 4,
                    "team": {
                        "id": 7283,
                        "name": "FK Crvena Zvezda",
                        "shortName": "Crvena Zvedza",
                        "tla": "CRV",
                        "crest": "https://crests.football-data.org/7283.png"
                    },
                    "playedGames": 6,
                    "form": null,
                    "won": 0,
                    "draw": 1,
                    "lost": 5,
                    "points": 1,
                    "goalsFor": 7,
                    "goalsAgainst": 15,
                    "goalDifference": -8
                }
            ]
        },
        {
            "stage": "GROUP_STAGE",
            "type": "TOTAL",
            "group": "Group H",
            "table": [
                {
                    "position": 1,
                    "team": {
                        "id": 81,
                        "name": "FC Barcelona",
                        "shortName": "Barça",
                        "tla": "FCB",
                        "crest": "https://crests.football-data.org/81.svg"
                    },
                    "playedGames": 6,
                    "form": null,
                    "won": 4,
                    "draw": 0,
                    "lost": 2,
                    "points": 12,
                    "goalsFor": 12,
                    "goalsAgainst": 6,
                    "goalDifference": 6
                },
                {
                    "position": 2,
                    "team": {
                        "id": 503,
                        "name": "FC Porto",
                        "shortName": "Porto",
                        "tla": "FCP",
                        "crest": "https://crests.football-data.org/503.png"
                    },
                    "playedGames": 6,
                    "form": null,
                    "won": 4,
                    "draw": 0,
                    "lost": 2,
                    "points": 12,
                    "goalsFor": 15,
                    "goalsAgainst": 8,
                    "goalDifference": 7
                },
                {
                    "position": 3,
                    "team": {
                        "id": 1887,
                        "name": "FK Shakhtar Donetsk",
                        "shortName": "Shaktar",
                        "tla": "SHD",
                        "crest": "https://crests.football-data.org/1887.png"
                    },
                    "playedGames": 6,
                    "form": null,
                    "won": 3,
                    "draw": 0,
                    "lost": 3,
                    "points": 9,
                    "goalsFor": 10,
                    "goalsAgainst": 12,
                    "goalDifference": -2
                },
                {
                    "position": 4,
                    "team": {
                        "id": 1864,
                        "name": "Royal Antwerp FC",
                        "shortName": "Antwerp FC",
                        "tla": "ANT",
                        "crest": "https://crests.football-data.org/1864.png"
                    },
                    "playedGames": 6,
                    "form": null,
                    "won": 1,
                    "draw": 0,
                    "lost": 5,
                    "points": 3,
                    "goalsFor": 6,
                    "goalsAgainst": 17,
                    "goalDifference": -11
                }
            ]
        }
    ]
}