{
    "filters": {
        "season": "2023"
    },
    "area": {
        "id": 2081,
        "name": "France",
        "code": "FRA",
        "flag": "https://crests.football-data.org/773.svg"
    },
    "competition": {
        "id": 2015,
        "name": "Ligue 1",
        "code": "FL1",
        "type": "LEAGUE",
        "emblem": "https://crests.football-data.org/FL1.png"
    },
    "season": {
        "id": 1595,
        "startDate": "2023-08-13",
        "endDate": "2024-05-18",
        "currentMatchday": 21,
        "winner": null
    },
    "standings": [
        {
            "stage": "REGULAR_SEASON",
            "type": "TOTAL",
            "group": null,
            "table": [
                {
                    "position": 1,
                    "team": {
                        "id": 524,
                        "name": "Paris Saint-Germain FC",
                        "shortName": "PSG",
                        "tla": "PSG",
                        "crest": "https://crests.football-data.org/524.png"
                    },
                    "playedGames": 20,
                    "form": null,
                    "won": 14,
                    "draw": 5,
                    "lost": 1,
                    "points": 47,
                    "goalsFor": 48,
                    "goalsAgainst": 17,
                    "goalDifference": 31
                },
                {
                    "position": 2,
                    "team": {
                        "id": 522,
                        "name": "OGC Nice",
                        "shortName": "Nice",
                        "tla": "NIC",
                        "crest": "https://crests.football-data.org/522.png"
                    },
                    "playedGames": 20,
                    "form": null,
                    "won": 11,
                    "draw": 6,
                    "lost": 3,
                    "points": 39,
                    "goalsFor": 20,
                    "goalsAgainst": 11,
                    "goalDifference": 9
                },
                {
                    "position": 3,
                    "team": {
                        "id": 512,
                        "name": "Stade Brestois 29",
                        "shortName": "Brest",
                        "tla": "BRE",
                        "crest": "https://crests.football-data.org/512.png"
                    },
                    "playedGames": 20,
                    "form": null,
                    "won": 10,
                    "draw": 6,
                    "lost": 4,
                    "points": 36,
                    "goalsFor": 29,
                    "goalsAgainst": 17,
                    "goalDifference": 12
                },
                {
                    "position": 4,
                    "team": {
                        "id": 521,
                        "name": "Lille OSC",
                        "shortName": "Lille",
                        "tla": "LIL",
                        "crest": "https://crests.football-data.org/521.svg"
                    },
                    "playedGames": 20,
                    "form": null,
                    "won": 9,
                    "draw": 8,
                    "lost": 3,
                    "points": 35,
                    "goalsFor": 28,
                    "goalsAgainst": 14,
                    "goalDifference": 14
                },
                {
                    "position": 5,
                    "team": {
                        "id": 548,
                        "name": "AS Monaco FC",
                        "shortName": "Monaco",
                        "tla": "ASM",
                        "crest": "https://crests.football-data.org/548.png"
                    },
                    "playedGames": 20,
                    "form": null,
                    "won": 10,
                    "draw": 5,
                    "lost": 5,
                    "points": 35,
                    "goalsFor": 37,
                    "goalsAgainst": 28,
                    "goalDifference": 9
                },
                {
                    "position": 6,
                    "team": {
                        "id": 546,
                        "name": "Racing Club de Lens",
                        "shortName": "RC Lens",
                        "tla": "RCL",
                        "crest": "https://crests.football-data.org/546.png"
                    },
                    "playedGames": 20,
                    "form": null,
                    "won": 9,
                    "draw": 5,
                    "lost": 6,
                    "points": 32,
                    "goalsFor": 24,
                    "goalsAgainst": 19,
                    "goalDifference": 5
                },
                {
                    "position": 7,
                    "team": {
                        "id": 547,
                        "name": "Stade de Reims",
                        "shortName": "Stade de Reims",
                        "tla": "SDR",
                        "crest": "https://crests.football-data.org/547.png"
                    },
                    "playedGames": 20,
                    "form": null,
                    "won": 9,
                    "draw": 3,
                    "lost": 8,
                    "points": 30,
                    "goalsFor": 27,
                    "goalsAgainst": 27,
                    "goalDifference": 0
                },
                {
                    "position": 8,
                    "team": {
                        "id": 516,
                        "name": "Olympique de Marseille",
                        "shortName": "Marseille",
                        "tla": "MAR",
                        "crest": "https://crests.football-data.org/516.png"
                    },
                    "playedGames": 20,
                    "form": null,
                    "won": 7,
                    "draw": 8,
                    "lost": 5,
                    "points": 29,
                    "goalsFor": 28,
                    "goalsAgainst": 22,
                    "goalDifference": 6
                },
                {
                    "position": 9,
                    "team": {
                        "id": 529,
                        "name": "Stade Rennais FC 1901",
                        "shortName": "Stade Rennais",
                        "tla": "REN",
                        "crest": "https://crests.football-data.org/529.png"
                    },
                    "playedGames": 20,
                    "form": null,
                    "won": 7,
                    "draw": 7,
                    "lost": 6,
                    "points": 28,
                    "goalsFor": 30,
                    "goalsAgainst": 25,
                    "goalDifference": 5
                },
                {
                    "position": 10,
                    "team": {
                        "id": 576,
                        "name": "RC Strasbourg Alsace",
                        "shortName": "Strasbourg",
                        "tla": "RC ",
                        "crest": "https://crests.football-data.org/576.png"
                    },
                    "playedGames": 20,
                    "form": null,
                    "won": 6,
                    "draw": 7,
                    "lost": 7,
                    "points": 25,
                    "goalsFor": 21,
                    "goalsAgainst": 26,
                    "goalDifference": -5
                },
                {
                    "position": 11,
                    "team": {
                        "id": 533,
                        "name": "Le Havre AC",
                        "shortName": "Le Havre",
                        "tla": "HAC",
                        "crest": "https://crests.football-data.org/533.png"
                    },
                    "playedGames": 20,
                    "form": null,
                    "won": 5,
                    "draw": 9,
                    "lost": 6,
                    "points": 24,
                    "goalsFor": 23,
                    "goalsAgainst": 24,
                    "goalDifference": -1
                },
                {
                    "position": 12,
                    "team": {
                        "id": 511,
                        "name": "Toulouse FC",
                        "shortName": "Toulouse",
                        "tla": "TOU",
                        "crest": "https://crests.football-data.org/511.png"
                    },
                    "playedGames": 20,
                    "form": null,
                    "won": 4,
                    "draw": 8,
                    "lost": 8,
                    "points": 20,
                    "goalsFor": 19,
                    "goalsAgainst": 27,
                    "goalDifference": -8
                },
                {
                    "position": 13,
                    "team": {
                        "id": 518,
                        "name": "Montpellier HSC",
                        "shortName": "Montpellier",
                        "tla": "MON",
                        "crest": "https://crests.football-data.org/518.png"
                    },
                    "playedGames": 20,
                    "form": null,
                    "won": 4,
                    "draw": 8,
                    "lost": 8,
                    "points": 19,
                    "goalsFor": 20,
                    "goalsAgainst": 25,
                    "goalDifference": -5
                },
                {
                    "position": 14,
                    "team": {
                        "id": 543,
                        "name": "FC Nantes",
                        "shortName": "Nantes",
                        "tla": "NAN",
                        "crest": "https://crests.football-data.org/543.png"
                    },
                    "playedGames": 20,
                    "form": null,
                    "won": 5,
                    "draw": 4,
                    "lost": 11,
                    "points": 19,
                    "goalsFor": 20,
                    "goalsAgainst": 31,
                    "goalDifference": -11
                },
                {
                    "position": 15,
                    "team": {
                        "id": 523,
                        "name": "Olympique Lyonnais",
                        "shortName": "Olympique Lyon",
                        "tla": "LYO",
                        "crest": "https://crests.football-data.org/523.svg"
                    },
                    "playedGames": 20,
                    "form": null,
                    "won": 5,
                    "draw": 4,
                    "lost": 11,
                    "points": 19,
                    "goalsFor": 20,
                    "goalsAgainst": 33,
                    "goalDifference": -13
                },
                {
                    "position": 16,
                    "team": {
                        "id": 545,
                        "name": "FC Metz",
                        "shortName": "FC Metz",
                        "tla": "FCM",
                        "crest": "https://crests.football-data.org/545.svg"
                    },
                    "playedGames": 20,
                    "form": null,
                    "won": 4,
                    "draw": 4,
                    "lost": 12,
                    "points": 16,
                    "goalsFor": 17,
                    "goalsAgainst": 31,
                    "goalDifference": -14
                },
                {
                    "position": 17,
                    "team": {
                        "id": 525,
                        "name": "FC Lorient",
                        "shortName": "Lorient",
                        "tla": "FCL",
                        "crest": "https://crests.football-data.org/525.png"
                    },
                    "playedGames": 20,
                    "form": null,
                    "won": 3,
                    "draw": 7,
                    "lost": 10,
                    "points": 16,
                    "goalsFor": 26,
                    "goalsAgainst": 42,
                    "goalDifference": -16
                },
                {
                    "position": 18,
                    "team": {
                        "id": 541,
                        "name": "Clermont Foot 63",
                        "shortName": "Clermont Foot",
                        "tla": "CLF",
                        "crest": "https://crests.football-data.org/541.svg"
                    },
                    "playedGames": 20,
                    "form": null,
                    "won": 3,
                    "draw": 6,
                    "lost": 11,
                    "points": 15,
                    "goalsFor": 14,
                    "goalsAgainst": 32,
                    "goalDifference": -18
                }
            ]
        }
    ]
}