{
    "filters": {
        "season": "2023"
    },
    "area": {
        "id": 2224,
        "name": "Spain",
        "code": "ESP",
        "flag": "https://crests.football-data.org/760.svg"
    },
    "competition": {
        "id": 2014,
        "name": "Primera Division",
        "code": "PD",
        "type": "LEAGUE",
        "emblem": "https://crests.football-data.org/PD.png"
    },
    "season": {
        "id": 1577,
        "startDate": "2023-08-13",
        "endDate": "2024-05-26",
        "currentMatchday": 24,
        "winner": null
    },
    "standings": [
        {
            "stage": "REGULAR_SEASON",
            "type": "TOTAL",
            "group": null,
            "table": [
                {
                    "position": 1,
                    "team": {
                        "id": 86,
                        "name": "Real Madrid CF",
                        "shortName": "Real Madrid",
                        "tla": "RMA",
                        "crest": "https://crests.football-data.org/86.png"
                    },
                    "playedGames": 23,
                    "form": null,
                    "won": 18,
                    "draw": 4,
                    "lost": 1,
                    "points": 58,
                    "goalsFor": 48,
                    "goalsAgainst": 15,
                    "goalDifference": 33
                },
                {
                    "position": 2,
                    "team": {
                        "id": 298,
                        "name": "Girona FC",
                        "shortName": "Girona",
                        "tla": "GIR",
                        "crest": "https://crests.football-data.org/298.png"
                    },
                    "playedGames": 23,
                    "form": null,
                    "won": 17,
                    "draw": 5,
                    "lost": 1,
                    "points": 56,
                    "goalsFor": 52,
                    "goalsAgainst": 25,
                    "goalDifference": 27
                },
                {
                    "position": 3,
                    "team": {
                        "id": 81,
                        "name": "FC Barcelona",
                        "shortName": "Barça",
                        "tla": "FCB",
                        "crest": "https://crests.football-data.org/81.svg"
                    },
                    "playedGames": 23,
                    "form": null,
                    "won": 15,
                    "draw": 5,
                    "lost": 3,
                    "points": 50,
                    "goalsFor": 47,
                    "goalsAgainst": 30,
                    "goalDifference": 17
                },
                {
                    "position": 4,
                    "team": {
                        "id": 78,
                        "name": "Club Atlético de Madrid",
                        "shortName": "Atleti",
                        "tla": "ATL",
                        "crest": "https://crests.football-data.org/78.svg"
                    },
                    "playedGames": 23,
                    "form": null,
                    "won": 15,
                    "draw": 3,
                    "lost": 5,
                    "points": 48,
                    "goalsFor": 45,
                    "goalsAgainst": 25,
                    "goalDifference": 20
                },
                {
                    "position": 5,
                    "team": {
                        "id": 77,
                        "name": "Athletic Club",
                        "shortName": "Athletic",
                        "tla": "ATH",
                        "crest": "https://crests.football-data.org/77.png"
                    },
                    "playedGames": 23,
                    "form": null,
                    "won": 13,
                    "draw": 6,
                    "lost": 4,
                    "points": 45,
                    "goalsFor": 42,
                    "goalsAgainst": 21,
                    "goalDifference": 21
                },
                {
                    "position": 6,
                    "team": {
                        "id": 92,
                        "name": "Real Sociedad de Fútbol",
                        "shortName": "Real Sociedad",
                        "tla": "RSO",
                        "crest": "https://crests.football-data.org/92.svg"
                    },
                    "playedGames": 23,
                    "form": null,
                    "won": 9,
                    "draw": 10,
                    "lost": 4,
                    "points": 37,
                    "goalsFor": 32,
                    "goalsAgainst": 21,
                    "goalDifference": 11
                },
                {
                    "position": 7,
                    "team": {
                        "id": 95,
                        "name": "Valencia CF",
                        "shortName": "Valencia",
                        "tla": "VAL",
                        "crest": "https://crests.football-data.org/95.svg"
                    },
                    "playedGames": 23,
                    "form": null,
                    "won": 10,
                    "draw": 5,
                    "lost": 8,
                    "points": 35,
                    "goalsFor": 29,
                    "goalsAgainst": 27,
                    "goalDifference": 2
                },
                {
                    "position": 8,
                    "team": {
                        "id": 90,
                        "name": "Real Betis Balompié",
                        "shortName": "Real Betis",
                        "tla": "BET",
                        "crest": "https://crests.football-data.org/90.png"
                    },
                    "playedGames": 23,
                    "form": null,
                    "won": 8,
                    "draw": 11,
                    "lost": 4,
                    "points": 35,
                    "goalsFor": 26,
                    "goalsAgainst": 25,
                    "goalDifference": 1
                },
                {
                    "position": 9,
                    "team": {
                        "id": 275,
                        "name": "UD Las Palmas",
                        "shortName": "Las Palmas",
                        "tla": "LPA",
                        "crest": "https://crests.football-data.org/275.png"
                    },
                    "playedGames": 23,
                    "form": null,
                    "won": 9,
                    "draw": 5,
                    "lost": 9,
                    "points": 32,
                    "goalsFor": 23,
                    "goalsAgainst": 20,
                    "goalDifference": 3
                },
                {
                    "position": 10,
                    "team": {
                        "id": 82,
                        "name": "Getafe CF",
                        "shortName": "Getafe",
                        "tla": "GET",
                        "crest": "https://crests.football-data.org/82.png"
                    },
                    "playedGames": 23,
                    "form": null,
                    "won": 7,
                    "draw": 9,
                    "lost": 7,
                    "points": 30,
                    "goalsFor": 29,
                    "goalsAgainst": 31,
                    "goalDifference": -2
                },
                {
                    "position": 11,
                    "team": {
                        "id": 263,
                        "name": "Deportivo Alavés",
                        "shortName": "Alavés",
                        "tla": "ALA",
                        "crest": "https://crests.football-data.org/263.png"
                    },
                    "playedGames": 23,
                    "form": null,
                    "won": 7,
                    "draw": 5,
                    "lost": 11,
                    "points": 26,
                    "goalsFor": 23,
                    "goalsAgainst": 30,
                    "goalDifference": -7
                },
                {
                    "position": 12,
                    "team": {
                        "id": 79,
                        "name": "CA Osasuna",
                        "shortName": "Osasuna",
                        "tla": "OSA",
                        "crest": "https://crests.football-data.org/79.svg"
                    },
                    "playedGames": 23,
                    "form": null,
                    "won": 7,
                    "draw": 5,
                    "lost": 11,
                    "points": 26,
                    "goalsFor": 26,
                    "goalsAgainst": 36,
                    "goalDifference": -10
                },
                {
                    "position": 13,
                    "team": {
                        "id": 87,
                        "name": "Rayo Vallecano de Madrid",
                        "shortName": "Rayo Vallecano",
                        "tla": "RAY",
                        "crest": "https://crests.football-data.org/87.svg"
                    },
                    "playedGames": 23,
                    "form": null,
                    "won": 5,
                    "draw": 9,
                    "lost": 9,
                    "points": 24,
                    "goalsFor": 20,
                    "goalsAgainst": 30,
                    "goalDifference": -10
                },
                {
                    "position": 14,
                    "team": {
                        "id": 94,
                        "name": "Villarreal CF",
                        "shortName": "Villarreal",
                        "tla": "VIL",
                        "crest": "https://crests.football-data.org/94.png"
                    },
                    "playedGames": 23,
                    "form": null,
                    "won": 6,
                    "draw": 6,
                    "lost": 11,
                    "points": 24,
                    "goalsFor": 33,
                    "goalsAgainst": 45,
                    "goalDifference": -12
                },
                {
                    "position": 15,
                    "team": {
                        "id": 559,
                        "name": "Sevilla FC",
                        "shortName": "Sevilla FC",
                        "tla": "SEV",
                        "crest": "https://crests.football-data.org/559.svg"
                    },
                    "playedGames": 23,
                    "form": null,
                    "won": 4,
                    "draw": 8,
                    "lost": 11,
                    "points": 20,
                    "goalsFor": 29,
                    "goalsAgainst": 37,
                    "goalDifference": -8
                },
                {
                    "position": 16,
                    "team": {
                        "id": 558,
                        "name": "RC Celta de Vigo",
                        "shortName": "Celta",
                        "tla": "CEL",
                        "crest": "https://crests.football-data.org/558.svg"
                    },
                    "playedGames": 23,
                    "form": null,
                    "won": 4,
                    "draw": 8,
                    "lost": 11,
                    "points": 20,
                    "goalsFor": 24,
                    "goalsAgainst": 32,
                    "goalDifference": -8
                },
                {
                    "position": 17,
                    "team": {
                        "id": 89,
                        "name": "RCD Mallorca",
                        "shortName": "Mallorca",
                        "tla": "MAL",
                        "crest": "https://crests.football-data.org/89.png"
                    },
                    "playedGames": 23,
                    "form": null,
                    "won": 3,
                    "draw": 11,
                    "lost": 9,
                    "points": 20,
                    "goalsFor": 19,
                    "goalsAgainst": 30,
                    "goalDifference": -11
                },
                {
                    "position": 18,
                    "team": {
                        "id": 264,
                        "name": "Cádiz CF",
                        "shortName": "Cádiz CF",
                        "tla": "CAD",
                        "crest": "https://crests.football-data.org/264.png"
                    },
                    "playedGames": 23,
                    "form": null,
                    "won": 2,
                    "draw": 11,
                    "lost": 10,
                    "points": 17,
                    "goalsFor": 15,
                    "goalsAgainst": 31,
                    "goalDifference": -16
                },
                {
                    "position": 19,
                    "team": {
                        "id": 83,
                        "name": "Granada CF",
                        "shortName": "Granada",
                        "tla": "GRA",
                        "crest": "https://crests.football-data.org/83.svg"
                    },
                    "playedGames": 23,
                    "form": null,
                    "won": 2,
                    "draw": 6,
                    "lost": 15,
                    "points": 12,
                    "goalsFor": 23,
                    "goalsAgainst": 45,
                    "goalDifference": -22
                },
                {
                    "position": 20,
                    "team": {
                        "id": 267,
                        "name": "UD Almería",
                        "shortName": "Almería",
                        "tla": "ALM",
                        "crest": "https://crests.football-data.org/267.png"
                    },
                    "playedGames": 23,
                    "form": null,
                    "won": 0,
                    "draw": 6,
                    "lost": 17,
                    "points": 6,
                    "goalsFor": 22,
                    "goalsAgainst": 51,
                    "goalDifference": -29
                }
            ]
        }
    ]
}