{"filters":{"season":"2023"},"area":{"id":2072,"name":"England","code":"ENG","flag":"https://crests.football-data.org/770.svg"},"competition":{"id":2021,"name":"Premier League","code":"PL","type":"LEAGUE","emblem":"https://crests.football-data.org/PL.png"},"season":{"id":1564,"startDate":"2023-08-11","endDate":"2024-05-19","currentMatchday":24,"winner":null},"standings":[{"stage":"REGULAR_SEASON","type":"TOTAL","group":null,"table":[{"position":1,"team":{"id":64,"name":"Liverpool FC","shortName":"Liverpool","tla":"LIV","crest":"https://crests.football-data.org/64.png"},"playedGames":23,"form":null,"won":15,"draw":6,"lost":2,"points":51,"goalsFor":52,"goalsAgainst":22,"goalDifference":30},{"position":2,"team":{"id":65,"name":"Manchester City FC","shortName":"Man City","tla":"MCI","crest":"https://crests.football-data.org/65.png"},"playedGames":22,"form":null,"won":15,"draw":4,"lost":3,"points":49,"goalsFor":54,"goalsAgainst":25,"goalDifference":29},{"position":3,"team":{"id":57,"name":"Arsenal FC","shortName":"Arsenal","tla":"ARS","crest":"https://crests.football-data.org/57.png"},"playedGames":23,"form":null,"won":15,"draw":4,"lost":4,"points":49,"goalsFor":47,"goalsAgainst":22,"goalDifference":25},{"position":4,"team":{"id":58,"name":"Aston Villa FC","shortName":"Aston Villa","tla":"AVL","crest":"https://crests.football-data.org/58.png"},"playedGames":23,"form":null,"won":14,"draw":4,"lost":5,"points":46,"goalsFor":49,"goalsAgainst":30,"goalDifference":19},{"position":5,"team":{"id":73,"name":"Tottenham Hotspur FC","shortName":"Tottenham","tla":"TOT","crest":"https://crests.football-data.org/73.svg"},"playedGames":23,"form":null,"won":13,"draw":5,"lost":5,"points":44,"goalsFor":49,"goalsAgainst":35,"goalDifference":14},{"position":6,"team":{"id":66,"name":"Manchester United FC","shortName":"Man United","tla":"MUN","crest":"https://crests.football-data.org/66.png"},"playedGames":23,"form":null,"won":12,"draw":2,"lost":9,"points":38,"goalsFor":31,"goalsAgainst":32,"goalDifference":-1},{"position":7,"team":{"id":563,"name":"West Ham United FC","shortName":"West Ham","tla":"WHU","crest":"https://crests.football-data.org/563.png"},"playedGames":23,"form":null,"won":10,"draw":6,"lost":7,"points":36,"goalsFor":36,"goalsAgainst":36,"goalDifference":0},{"position":8,"team":{"id":397,"name":"Brighton & Hove Albion FC","shortName":"Brighton Hove","tla":"BHA","crest":"https://crests.football-data.org/397.svg"},"playedGames":23,"form":null,"won":9,"draw":8,"lost":6,"points":35,"goalsFor":42,"goalsAgainst":38,"goalDifference":4},{"position":9,"team":{"id":67,"name":"Newcastle United FC","shortName":"Newcastle","tla":"NEW","crest":"https://crests.football-data.org/67.png"},"playedGames":23,"form":null,"won":10,"draw":3,"lost":10,"points":33,"goalsFor":48,"goalsAgainst":37,"goalDifference":11},{"position":10,"team":{"id":76,"name":"Wolverhampton Wanderers FC","shortName":"Wolverhampton","tla":"WOL","crest":"https://crests.football-data.org/76.svg"},"playedGames":23,"form":null,"won":9,"draw":5,"lost":9,"points":32,"goalsFor":37,"goalsAgainst":37,"goalDifference":0},{"position":11,"team":{"id":61,"name":"Chelsea FC","shortName":"Chelsea","tla":"CHE","crest":"https://crests.football-data.org/61.png"},"playedGames":23,"form":null,"won":9,"draw":4,"lost":10,"points":31,"goalsFor":38,"goalsAgainst":39,"goalDifference":-1},{"position":12,"team":{"id":1044,"name":"AFC Bournemouth","shortName":"Bournemouth","tla":"BOU","crest":"https://crests.football-data.org/1044.png"},"playedGames":22,"form":null,"won":7,"draw":6,"lost":9,"points":27,"goalsFor":30,"goalsAgainst":41,"goalDifference":-11},{"position":13,"team":{"id":63,"name":"Fulham FC","shortName":"Fulham","tla":"FUL","crest":"https://crests.football-data.org/63.svg"},"playedGames":23,"form":null,"won":7,"draw":5,"lost":11,"points":26,"goalsFor":30,"goalsAgainst":38,"goalDifference":-8},{"position":14,"team":{"id":354,"name":"Crystal Palace FC","shortName":"Crystal Palace","tla":"CRY","crest":"https://crests.football-data.org/354.png"},"playedGames":23,"form":null,"won":6,"draw":6,"lost":11,"points":24,"goalsFor":26,"goalsAgainst":40,"goalDifference":-14},{"position":15,"team":{"id":402,"name":"Brentford FC","shortName":"Brentford","tla":"BRE","crest":"https://crests.football-data.org/402.png"},"playedGames":22,"form":null,"won":6,"draw":4,"lost":12,"points":22,"goalsFor":32,"goalsAgainst":39,"goalDifference":-7},{"position":16,"team":{"id":351,"name":"Nottingham Forest FC","shortName":"Nottingham","tla":"NOT","crest":"https://crests.football-data.org/351.png"},"playedGames":23,"form":null,"won":5,"draw":6,"lost":12,"points":21,"goalsFor":28,"goalsAgainst":41,"goalDifference":-13},{"position":17,"team":{"id":389,"name":"Luton Town FC","shortName":"Luton Town","tla":"LUT","crest":"https://crests.football-data.org/389.png"},"playedGames":22,"form":null,"won":5,"draw":5,"lost":12,"points":20,"goalsFor":32,"goalsAgainst":42,"goalDifference":-10},{"position":18,"team":{"id":62,"name":"Everton FC","shortName":"Everton","tla":"EVE","crest":"https://crests.football-data.org/62.png"},"playedGames":23,"form":null,"won":8,"draw":5,"lost":10,"points":19,"goalsFor":26,"goalsAgainst":30,"goalDifference":-4},{"position":19,"team":{"id":328,"name":"Burnley FC","shortName":"Burnley","tla":"BUR","crest":"https://crests.football-data.org/328.png"},"playedGames":23,"form":null,"won":3,"draw":4,"lost":16,"points":13,"goalsFor":24,"goalsAgainst":47,"goalDifference":-23},{"position":20,"team":{"id":356,"name":"Sheffield United FC","shortName":"Sheffield Utd","tla":"SHE","crest":"https://crests.football-data.org/356.svg"},"playedGames":23,"form":null,"won":2,"draw":4,"lost":17,"points":10,"goalsFor":19,"goalsAgainst":59,"goalDifference":-40}]}]}