{"count":10,"filters":{"season":"2023","limit":10},"competition":{"id":2014,"name":"Primera Division","code":"PD","type":"LEAGUE","emblem":"https://crests.football-data.org/PD.png"},"season":{"id":1577,"startDate":"2023-08-13","endDate":"2024-05-26","currentMatchday":24,"winner":null},"scorers":[{"player":{"id":24217,"name":"Artem Dovbyk","firstName":"Artem","lastName":"Dovbyk","dateOfBirth":"1997-06-21","nationality":"Ukraine","section":"Offence","position":null,"shirtNumber":7,"lastUpdated":"2023-08-25T10:29:09Z"},"team":{"id":298,"name":"Girona FC","shortName":"Girona","tla":"GIR","crest":"https://crests.football-data.org/298.png","address":"Avinguda de Montilivi, 141 Girona 17003","website":"http://www.gironafc.cat","founded":1930,"clubColors":"Red / White / Blue","venue":"Estadi Municipal de Montilivi","lastUpdated":"2022-08-16T12:47:06Z"},"playedMatches":21,"goals":14,"assists":5,"penalties":3},{"player":{"id":125010,"name":"Jude Bellingham","firstName":"Jude","lastName":"Bellingham","dateOfBirth":"2003-06-29","nationality":"England","section":"Midfield","position":null,"shirtNumber":null,"lastUpdated":"2023-07-30T17:05:45Z"},"team":{"id":86,"name":"Real Madrid CF","shortName":"Real Madrid","tla":"RMA","crest":"https://crests.football-data.org/86.png","address":"Avenida Concha Espina, 1 Madrid 28036","website":"http://www.realmadrid.com","founded":1902,"clubColors":"White / Purple","venue":"Estadio Santiago Bernabéu","lastUpdated":"2022-02-19T08:59:31Z"},"playedMatches":21,"goals":14,"assists":3,"penalties":1},{"player":{"id":69,"name":"Borja Mayoral","firstName":"","lastName":"Borja Mayoral","dateOfBirth":"1997-04-05","nationality":"Spain","section":"Offence","position":null,"shirtNumber":null,"lastUpdated":"2023-07-30T17:05:44Z"},"team":{"id":82,"name":"Getafe CF","shortName":"Getafe","tla":"GET","crest":"https://crests.football-data.org/82.png","address":"Avenida Teresa de Calcuta, s/n Getafe 28903","website":"http://www.getafecf.com","founded":1946,"clubColors":"Blue / White","venue":"Coliseum Alfonso Pérez","lastUpdated":"2022-02-25T16:43:35Z"},"playedMatches":23,"goals":14,"assists":1,"penalties":4},{"player":{"id":7819,"name":"Álvaro Morata","firstName":"","lastName":"Álvaro Morata","dateOfBirth":"1992-10-23","nationality":"Spain","section":"Offence","position":null,"shirtNumber":null,"lastUpdated":"2023-07-30T17:05:43Z"},"team":{"id":78,"name":"Club Atlético de Madrid","shortName":"Atleti","tla":"ATL","crest":"https://crests.football-data.org/78.svg","address":"Paseo Virgen del Puerto, 67 Madrid 28005","website":"http://www.clubatleticodemadrid.com","founded":1903,"clubColors":"Red / White / Blue","venue":"Estadio Wanda Metropolitano","lastUpdated":"2022-02-19T08:20:10Z"},"playedMatches":21,"goals":13,"assists":1,"penalties":null},{"player":{"id":114,"name":"Antoine Griezmann","firstName":"Antoine","lastName":"Griezmann","dateOfBirth":"1991-03-21","nationality":"France","section":"Offence","position":null,"shirtNumber":null,"lastUpdated":"2023-07-30T17:05:43Z"},"team":{"id":78,"name":"Club Atlético de Madrid","shortName":"Atleti","tla":"ATL","crest":"https://crests.football-data.org/78.svg","address":"Paseo Virgen del Puerto, 67 Madrid 28005","website":"http://www.clubatleticodemadrid.com","founded":1903,"clubColors":"Red / White / Blue","venue":"Estadio Wanda Metropolitano","lastUpdated":"2022-02-19T08:20:10Z"},"playedMatches":23,"goals":11,"assists":6,"penalties":3},{"player":{"id":32719,"name":"Gerard Moreno","firstName":"","lastName":"Gerard Moreno","dateOfBirth":"1992-04-07","nationality":"Spain","section":"Offence","position":null,"shirtNumber":null,"lastUpdated":"2023-07-30T17:05:48Z"},"team":{"id":94,"name":"Villarreal CF","shortName":"Villarreal","tla":"VIL","crest":"https://crests.football-data.org/94.png","address":"Camino Miralcamp, s/n Villarreal 12540","website":"http://www.villarrealcf.es","founded":1923,"clubColors":"Yellow / Blue","venue":"Estadio de la Cerámica","lastUpdated":"2022-02-22T18:26:04Z"},"playedMatches":20,"goals":10,"assists":2,"penalties":2},{"player":{"id":32762,"name":"Hugo Duro","firstName":"","lastName":"Hugo Duro","dateOfBirth":"1999-11-10","nationality":"Spain","section":"Offence","position":null,"shirtNumber":null,"lastUpdated":"2023-07-30T17:05:48Z"},"team":{"id":95,"name":"Valencia CF","shortName":"Valencia","tla":"VAL","crest":"https://crests.football-data.org/95.svg","address":"Plaza del Valencia Club de Fútbol, 2 Valencia 46010","website":"http://www.valenciacf.com","founded":1919,"clubColors":"White / Orange / Black","venue":"Estadio de Mestalla","lastUpdated":"2021-04-11T18:19:52Z"},"playedMatches":23,"goals":10,"assists":2,"penalties":null},{"player":{"id":2237,"name":"Ante Budimir","firstName":"Ante","lastName":"Budimir","dateOfBirth":"1991-07-22","nationality":"Croatia","section":"Offence","position":null,"shirtNumber":null,"lastUpdated":"2023-07-30T17:05:43Z"},"team":{"id":79,"name":"CA Osasuna","shortName":"Osasuna","tla":"OSA","crest":"https://crests.football-data.org/79.svg","address":"Calle del Sadar, s/n Pamplona 31006","website":"http://www.osasuna.es","founded":1920,"clubColors":"Red / Navy Blue","venue":"Estadio El Sadar","lastUpdated":"2023-07-31T12:06:52Z"},"playedMatches":23,"goals":10,"assists":2,"penalties":3},{"player":{"id":81565,"name":"Gorka Guruzeta","firstName":"","lastName":"Guruzeta","dateOfBirth":"1996-09-12","nationality":"Spain","section":"Offence","position":null,"shirtNumber":null,"lastUpdated":"2023-07-30T17:05:43Z"},"team":{"id":77,"name":"Athletic Club","shortName":"Athletic","tla":"ATH","crest":"https://crests.football-data.org/77.png","address":"Ibaigane, Alameda Mazarredo, 23 Bilbao 48009","website":"http://www.athletic-club.eus","founded":1898,"clubColors":"Red / White / Black","venue":"San Mamés","lastUpdated":"2022-03-06T09:31:27Z"},"playedMatches":23,"goals":9,"assists":2,"penalties":null},{"player":{"id":371,"name":"Robert Lewandowski","firstName":"Robert","lastName":"Lewandowski","dateOfBirth":"1988-08-21","nationality":"Poland","section":"Offence","position":null,"shirtNumber":null,"lastUpdated":"2023-07-30T17:05:44Z"},"team":{"id":81,"name":"FC Barcelona","shortName":"Barça","tla":"FCB","crest":"https://crests.football-data.org/81.svg","address":"Avenida Arístides Maillol s/n Barcelona 08028","website":"http://www.fcbarcelona.com","founded":1899,"clubColors":"Red / Navy Blue / Orange","venue":"Camp Nou","lastUpdated":"2021-09-16T20:17:51Z"},"playedMatches":21,"goals":9,"assists":5,"penalties":2}]}